https://www.thehindu.com/news/cities/Vijayawada/feeder/default.rss,AP,
https://www.thehindu.com/news/cities/Visakhapatnam/feeder/default.rss,AP,
https://timesofindia.indiatimes.com/rssfeeds/4118215.cms,AS,
https://timesofindia.indiatimes.com/rssfeeds/-2128817995.cms,BR,
https://timesofindia.indiatimes.com/rssfeeds/-2128839596.cms,DL,
https://www.thehindu.com/news/cities/Delhi/feeder/default.rss,DL,
https://timesofindia.indiatimes.com/rssfeeds/3012535.cms,GA,
https://timesofindia.indiatimes.com/rssfeeds/-2128821153.cms,GJ,
https://timesofindia.indiatimes.com/rssfeeds/6547154.cms,GJ,
https://timesofindia.indiatimes.com/rssfeeds/3942663.cms,GJ,
https://timesofindia.indiatimes.com/rssfeeds/3942660.cms,GJ,
https://timesofindia.indiatimes.com/rssfeeds/3942666.cms,GJ,
https://timesofindia.indiatimes.com/rssfeeds/4118245.cms,JH,
https://timesofindia.indiatimes.com/rssfeeds/-2128833038.cms,KA,
https://www.thehindu.com/news/cities/bangalore/feeder/default.rss,KA,
https://timesofindia.indiatimes.com/rssfeeds/3942695.cms,KA,
https://timesofindia.indiatimes.com/rssfeeds/3942690.cms,KA,
https://www.thehindu.com/news/cities/Mangalore/feeder/default.rss,KA,
https://timesofindia.indiatimes.com/rssfeeds/3942693.cms,KA,
https://timesofindia.indiatimes.com/rssfeeds/878156304.cms,KL,
https://www.thehindu.com/news/cities/Thiruvananthapuram/feeder/default.rss,KL,
https://www.thehindu.com/news/cities/Kochi/feeder/default.rss,KL,
https://www.thehindu.com/news/cities/kozhikode/feeder/default.rss,KL,
https://timesofindia.indiatimes.com/rssfeeds/-2128838597.cms,MH,
https://www.thehindu.com/news/cities/mumbai/feeder/default.rss,MH,
https://timesofindia.indiatimes.com/rssfeeds/-2128821991.cms,MH,
https://timesofindia.indiatimes.com/rssfeeds/442002.cms,MH,
https://timesofindia.indiatimes.com/rssfeeds/3831863.cms,MH,
https://timesofindia.indiatimes.com/rssfeeds/4118235.cms,OD,
https://www.thehindu.com/news/cities/Mangalore/feeder/default.rss,PD,
https://timesofindia.indiatimes.com/rssfeeds/3947051.cms,PJ,
https://timesofindia.indiatimes.com/rssfeeds/-2128816762.cms,PJ,
https://timesofindia.indiatimes.com/rssfeeds/3012544.cms,RJ,
https://timesofindia.indiatimes.com/rssfeeds/2950623.cms,TN,
https://www.thehindu.com/news/cities/chennai/feeder/default.rss,TN,
https://timesofindia.indiatimes.com/rssfeeds/7503091.cms,TN,
https://www.thehindu.com/news/cities/Coimbatore/feeder/default.rss,TN,
https://www.thehindu.com/news/cities/Madurai/feeder/default.rss,TN,
https://www.thehindu.com/news/cities/Tiruchirapalli/feeder/default.rss,TN,
https://timesofindia.indiatimes.com/rssfeeds/-2128816011.cms,TS,
https://www.thehindu.com/news/cities/Hyderabad/feeder/default.rss,TS,
https://timesofindia.indiatimes.com/rssfeeds/3947060.cms,UP,
https://timesofindia.indiatimes.com/rssfeeds/3947067.cms,UP,
https://timesofindia.indiatimes.com/rssfeeds/8021716.cms,UP,
https://timesofindia.indiatimes.com/rssfeeds/-2128819658.cms,UP,
https://timesofindia.indiatimes.com/rssfeeds/3947071.cms,UP,
https://timesofindia.indiatimes.com/rssfeeds/-2128830821.cms,WB,
https://www.thehindu.com/news/cities/kolkata/feeder/default.rss,WB,
https://timesofindia.indiatimes.com/rssfeeds/1898055.cms,,BU
https://www.thehindu.com/business/feeder/default.rss,,BU
https://timesofindia.indiatimes.com/rssfeeds/4719161.cms,,CR
https://www.thehindu.com/sport/cricket/feeder/default.rss,,CR
https://timesofindia.indiatimes.com/rssfeeds/4719148.cms,,SP
https://www.thehindu.com/sport/feeder/default.rss,,SP
https://timesofindia.indiatimes.com/rssfeeds/3908999.cms,,HE
https://timesofindia.indiatimes.com/rssfeeds/-2128672765.cms,,SC
https://www.thehindu.com/sci-tech/science/feeder/default.rss,,SC
https://timesofindia.indiatimes.com/rssfeeds/2647163.cms,,ENV
https://timesofindia.indiatimes.com/rssfeeds/5880659.cms,,TE
https://timesofindia.indiatimes.com/rssfeeds/913168846.cms,,ED
https://timesofindia.indiatimes.com/rssfeeds/784865811.cms,,OP
https://www.thehindu.com/opinion/feeder/default.rss,,OP
https://timesofindia.indiatimes.com/rssfeeds/1081479906.cms,,EN
https://www.thehindu.com/entertainment/feeder/default.rss,,EN
https://timesofindia.indiatimes.com/rssfeeds/2886704.cms,,LS
https://www.thehindu.com/life-and-style/feeder/default.rss,,LS